timestamp,open,high,low,close,volume
2025-06-26 08:01:00,712.04,712.04,712.04,712.04,346
2025-06-26 08:04:00,712.7,712.7,712.7,712.7,1080
2025-06-26 08:17:00,713.47,713.47,713.47,713.47,570
2025-06-26 08:18:00,714.03,714.2,714.0,714.2,4076
2025-06-26 08:20:00,713.8,713.8,713.8,713.8,448
2025-06-26 08:37:00,714.0,714.0,714.0,714.0,163
2025-06-26 08:39:00,713.97,713.97,713.97,713.97,184
2025-06-26 09:07:00,713.44,713.47,713.44,713.47,600
2025-06-26 09:12:00,713.72,713.72,713.72,713.72,932
2025-06-26 09:25:00,713.7,713.7,713.7,713.7,431
2025-06-26 09:29:00,713.4,713.4,713.4,713.4,309
2025-06-26 09:31:00,713.29,713.29,713.0,713.0,2015
2025-06-26 09:32:00,713.06,713.06,713.06,713.06,143
2025-06-26 09:37:00,713.2,713.2,713.2,713.2,100
2025-06-26 09:44:00,713.2,713.2,713.2,713.2,482
2025-06-26 09:59:00,712.78,712.78,712.78,712.78,140
2025-06-26 10:02:00,713.2,713.2,713.2,713.2,313
2025-06-26 10:03:00,713.11,713.11,713.11,713.11,547
2025-06-26 10:05:00,713.3,713.4,713.3,713.4,344
2025-06-26 10:10:00,714.0,714.23,714.0,714.2,1829
2025-06-26 10:12:00,714.25,714.25,714.25,714.25,127
2025-06-26 10:20:00,714.5,714.5,714.5,714.5,251
2025-06-26 10:23:00,714.53,714.53,714.53,714.53,632
2025-06-26 11:00:00,713.79,713.79,713.5,713.5,1423
2025-06-26 11:01:00,713.7,713.7,713.7,713.7,278
2025-06-26 11:02:00,713.7,713.7,713.7,713.7,775
2025-06-26 11:03:00,713.89,713.89,713.89,713.89,709
2025-06-26 11:05:00,713.75,714.0,713.75,714.0,1295
2025-06-26 11:08:00,714.0,714.0,714.0,714.0,415
2025-06-26 11:12:00,714.47,714.48,714.47,714.48,820
2025-06-26 11:35:00,714.22,714.22,714.22,714.22,177
2025-06-26 11:36:00,714.26,714.26,714.26,714.26,137
2025-06-26 11:37:00,714.26,714.26,714.26,714.26,221
2025-06-26 11:39:00,714.0,714.0,714.0,714.0,641
2025-06-26 11:40:00,714.0,714.0,714.0,714.0,708
2025-06-26 11:45:00,713.75,713.75,713.75,713.75,151
2025-06-26 11:47:00,714.1,714.1,714.1,714.1,213
2025-06-26 11:48:00,714.13,714.13,714.13,714.13,360
2025-06-26 11:50:00,714.07,714.07,714.07,714.07,191
2025-06-26 11:51:00,714.26,714.26,714.26,714.26,286
2025-06-26 11:52:00,714.34,714.34,714.34,714.34,370
2025-06-26 11:53:00,714.48,714.51,714.3,714.3,1992
2025-06-26 12:00:00,714.51,714.52,711.99,714.15,24266
2025-06-26 12:04:00,714.585,714.585,714.585,714.585,215
2025-06-26 12:08:00,714.3975,714.3975,714.3975,714.3975,627
2025-06-26 12:09:00,714.041,714.041,714.041,714.041,271
2025-06-26 12:13:00,714.05,714.05,714.05,714.05,261
2025-06-26 12:14:00,714.02,714.02,714.02,714.02,795
2025-06-26 12:18:00,713.9,713.9,713.9,713.9,688
2025-06-26 12:19:00,714.0,714.0,714.0,714.0,302
2025-06-26 12:20:00,714.0,714.0,713.9,713.9,1948
2025-06-26 12:21:00,714.0,714.0,714.0,714.0,158
2025-06-26 12:22:00,713.9,713.9,713.9,713.9,1375
2025-06-26 12:24:00,714.0,714.0,713.886,713.886,1510
2025-06-26 12:25:00,714.15,714.15,714.15,714.15,223
2025-06-26 12:29:00,714.6,714.6,714.6,714.6,170
2025-06-26 12:30:00,714.3,714.6794,713.8,714.6794,1437
2025-06-26 12:31:00,713.8,714.0432,713.5,714.0432,1388
2025-06-26 12:32:00,713.3,713.3,713.3,713.3,157
2025-06-26 12:33:00,713.3088,713.78,712.96,713.78,2684
2025-06-26 12:34:00,712.5,712.5,712.5,712.5,821
2025-06-26 12:35:00,713.0006,713.0006,713.0006,713.0006,335
2025-06-26 12:36:00,713.15,713.15,713.15,713.15,702
2025-06-26 12:37:00,713.4,713.4,713.4,713.4,1038
2025-06-26 12:38:00,713.39,713.4,713.39,713.4,1576
2025-06-26 12:41:00,713.01,713.01,713.01,713.01,521
2025-06-26 12:42:00,713.4299,713.4299,713.4299,713.4299,315
2025-06-26 12:44:00,713.5,713.5,713.5,713.5,511
2025-06-26 12:45:00,713.5899,713.5899,713.5899,713.5899,277
2025-06-26 12:53:00,713.01,713.01,713.0,713.0,1509
2025-06-26 12:57:00,713.08,713.35,713.08,713.35,762
2025-06-26 12:58:00,713.45,713.45,713.45,713.45,750
2025-06-26 13:00:00,713.0,713.0,713.0,713.0,404
2025-06-26 13:03:00,712.5,712.5,712.0193,712.049,829
2025-06-26 13:04:00,712.05,712.5,712.0,712.0,2868
2025-06-26 13:05:00,712.0,712.0,712.0,712.0,671
2025-06-26 13:06:00,712.49,712.49,712.49,712.49,254
2025-06-26 13:07:00,712.25,712.5,712.0001,712.03,1622
2025-06-26 13:08:00,712.1,712.1,712.1,712.1,353
2025-06-26 13:11:00,712.5,712.5,712.5,712.5,1225
2025-06-26 13:15:00,712.6994,712.7,712.6994,712.7,308
2025-06-26 13:17:00,713.0,713.0,713.0,713.0,1674
2025-06-26 13:21:00,713.4,713.4,713.25,713.25,1031
2025-06-26 13:23:00,713.2,713.2,713.2,713.2,601
2025-06-26 13:25:00,713.48,714.71,713.48,714.2,7943
2025-06-26 13:26:00,714.69,714.69,714.47,714.49,1729
2025-06-26 13:27:00,714.0,714.86,714.0,714.0,2910
2025-06-26 13:29:00,714.03,714.03,714.0,714.0201,1519
2025-06-26 13:30:00,714.355,715.75,713.0,714.9,273015
2025-06-26 13:31:00,714.72,715.3599,713.73,715.24,113350
2025-06-26 13:32:00,715.43,715.5999,713.0702,713.0733,117361
2025-06-26 13:33:00,713.09,715.48,711.93,715.48,103894
2025-06-26 13:34:00,715.275,715.5,713.7115,713.9722,53723
2025-06-26 13:35:00,714.0808,714.8,714.07,714.38,65590
2025-06-26 13:36:00,714.29,714.64,713.32,713.725,64145
2025-06-26 13:37:00,713.8,714.1158,712.8138,712.88,37546
2025-06-26 13:38:00,712.92,713.51,712.68,712.735,32114
2025-06-26 13:39:00,712.54,713.3799,712.0,712.73,44235
2025-06-26 13:40:00,713.0639,713.5,712.6,713.2671,27220
2025-06-26 13:41:00,713.115,713.399,712.0,712.19,33538
2025-06-26 13:42:00,712.19,712.9852,712.03,712.73,18192
2025-06-26 13:43:00,712.725,712.9999,712.36,712.825,30386
2025-06-26 13:44:00,712.825,713.0899,712.38,712.8899,23117
2025-06-26 13:45:00,712.89,713.34,712.0,712.35,36605
2025-06-26 13:46:00,712.23,712.99,712.0,712.77,18297
2025-06-26 13:47:00,712.81,713.5,712.22,713.22,28302
2025-06-26 13:48:00,713.03,713.4,712.48,713.28,21196
2025-06-26 13:49:00,713.28,713.28,712.15,712.315,39553
2025-06-26 13:50:00,712.1533,712.8,711.44,712.38,63543
2025-06-26 13:51:00,712.43,712.48,711.18,711.2201,29229
2025-06-26 13:52:00,711.25,712.36,711.05,712.13,61561
2025-06-26 13:53:00,712.36,713.69,712.31,713.35,49342
2025-06-26 13:54:00,713.43,714.28,713.38,713.88,35030
2025-06-26 13:55:00,713.885,714.01,713.55,713.86,39158
2025-06-26 13:56:00,713.79,714.5,713.71,714.06,28295
2025-06-26 13:57:00,714.21,716.79,714.21,715.95,148075
2025-06-26 13:58:00,716.085,716.3681,715.7201,716.1926,34619
2025-06-26 13:59:00,716.28,717.26,716.28,717.01,86904
2025-06-26 14:00:00,717.01,718.72,716.89,717.15,85087
2025-06-26 14:01:00,717.2,717.869,717.0,717.869,37552
2025-06-26 14:02:00,717.5601,718.67,717.56,718.0,64990
2025-06-26 14:03:00,718.1,718.2,717.152,717.33,44943
2025-06-26 14:04:00,717.41,718.4,717.41,718.25,38866
2025-06-26 14:05:00,718.36,719.45,717.1101,717.17,82683
2025-06-26 14:06:00,717.215,717.4499,716.3,716.405,60452
2025-06-26 14:07:00,716.405,716.8333,715.63,715.88,43219
2025-06-26 14:08:00,715.6938,716.15,715.21,715.425,26852
2025-06-26 14:09:00,715.4465,716.68,715.06,716.3,28836
2025-06-26 14:10:00,716.2,717.115,716.1,717.06,25979
2025-06-26 14:11:00,717.055,717.615,716.76,717.505,28617
2025-06-26 14:12:00,717.3601,718.6382,717.16,718.6382,67487
2025-06-26 14:13:00,718.5,719.4,718.5,719.16,70586
2025-06-26 14:14:00,719.25,720.71,719.1957,719.99,143526
2025-06-26 14:15:00,719.865,720.85,719.2,720.8482,69107
2025-06-26 14:16:00,720.85,721.7071,720.47,721.49,112236
2025-06-26 14:17:00,721.45,721.8799,719.78,719.96,96645
2025-06-26 14:18:00,720.0,720.61,720.0,720.49,39205
2025-06-26 14:19:00,720.515,720.59,720.0219,720.19,36505
2025-06-26 14:20:00,720.33,721.0,720.33,720.92,36401
2025-06-26 14:21:00,720.9,721.47,720.64,721.0728,55590
2025-06-26 14:22:00,720.945,721.12,720.21,720.99,44352
2025-06-26 14:23:00,720.98,721.0,720.361,720.755,24517
2025-06-26 14:24:00,720.76,720.84,720.261,720.37,17739
2025-06-26 14:25:00,720.63,721.325,720.0801,720.0801,41858
2025-06-26 14:26:00,720.1885,720.79,720.1885,720.471,20114
2025-06-26 14:27:00,720.485,721.5499,720.33,721.5499,60700
2025-06-26 14:28:00,721.43,722.19,721.4001,721.72,73959
2025-06-26 14:29:00,721.69,722.195,721.29,722.005,55490
2025-06-26 14:30:00,722.16,722.33,721.6801,722.14,43405
2025-06-26 14:31:00,722.04,722.04,720.51,720.59,50010
2025-06-26 14:32:00,720.5936,720.91,720.31,720.91,33400
2025-06-26 14:33:00,720.92,720.95,719.9001,720.01,48341
2025-06-26 14:34:00,720.08,720.36,719.9,720.245,19119
2025-06-26 14:35:00,720.07,720.4199,719.53,719.61,33498
2025-06-26 14:36:00,719.5834,720.1,719.4,719.9332,24063
2025-06-26 14:37:00,719.9,719.93,719.22,719.26,29077
2025-06-26 14:38:00,719.21,719.98,718.7943,719.31,30516
2025-06-26 14:39:00,719.36,719.85,719.3,719.6356,21666
2025-06-26 14:40:00,719.795,719.92,719.4,719.89,62845
2025-06-26 14:41:00,719.76,719.8545,718.3359,718.9528,38164
2025-06-26 14:42:00,719.0,719.5586,718.7301,719.4968,42006
2025-06-26 14:43:00,719.34,719.6,718.6964,719.12,41585
2025-06-26 14:44:00,719.1,719.1,718.48,718.68,22615
2025-06-26 14:45:00,718.64,718.9999,718.51,718.75,14935
2025-06-26 14:46:00,718.75,718.89,718.45,718.53,19697
2025-06-26 14:47:00,718.54,719.37,718.4842,719.12,25021
2025-06-26 14:48:00,718.8233,719.0,718.39,718.42,12474
2025-06-26 14:49:00,718.49,719.33,718.39,719.33,16418
2025-06-26 14:50:00,719.19,719.31,719.02,719.07,26011
2025-06-26 14:51:00,719.1987,719.32,718.4001,718.41,17354
2025-06-26 14:52:00,718.47,718.79,718.36,718.79,12190
2025-06-26 14:53:00,718.84,718.84,718.52,718.715,12205
2025-06-26 14:54:00,718.84,719.1204,718.48,719.04,13026
2025-06-26 14:55:00,719.04,719.16,718.85,719.0,30838
2025-06-26 14:56:00,718.95,718.95,718.29,718.6,27021
2025-06-26 14:57:00,718.48,718.83,718.3946,718.58,13901
2025-06-26 14:58:00,718.61,718.84,718.33,718.6415,16599
2025-06-26 14:59:00,718.81,718.88,718.5334,718.87,10164
2025-06-26 15:00:00,718.78,719.5,718.67,719.4,37562
2025-06-26 15:01:00,719.43,719.7763,719.41,719.65,20598
2025-06-26 15:02:00,719.575,720.22,719.575,719.929,21786
2025-06-26 15:03:00,719.93,720.09,719.8301,720.06,13873
2025-06-26 15:04:00,720.06,720.19,719.9048,719.91,22702
2025-06-26 15:05:00,719.93,720.37,719.88,720.25,21739
2025-06-26 15:06:00,720.14,720.1484,719.68,719.905,41714
2025-06-26 15:07:00,719.915,720.59,719.915,720.492,29538
2025-06-26 15:08:00,720.6,720.6999,720.23,720.51,22413
2025-06-26 15:09:00,720.39,720.93,720.39,720.89,21700
2025-06-26 15:10:00,720.85,721.2271,720.7532,721.055,19745
2025-06-26 15:11:00,721.1999,721.2099,720.9937,721.1099,16854
2025-06-26 15:12:00,721.13,721.3299,720.98,721.25,36813
2025-06-26 15:13:00,721.22,721.22,720.6,721.18,27609
2025-06-26 15:14:00,721.11,721.68,721.0,721.29,47349
2025-06-26 15:15:00,721.28,721.395,721.0,721.2,85730
2025-06-26 15:16:00,721.14,723.18,721.0,723.16,97541
2025-06-26 15:17:00,723.16,723.37,722.43,723.37,44940
2025-06-26 15:18:00,723.245,723.51,722.92,723.14,26514
2025-06-26 15:19:00,723.375,723.68,722.9474,723.01,46343
2025-06-26 15:20:00,723.06,723.6,722.9795,723.52,30530
2025-06-26 15:21:00,723.65,723.689461,723.05,723.2572,46077
2025-06-26 15:22:00,723.39,723.39,722.5001,722.84,30714
2025-06-26 15:23:00,722.88,722.905,722.15,722.21,21618
2025-06-26 15:24:00,722.19,722.579,722.11,722.3267,21014
2025-06-26 15:25:00,722.43,722.56,721.76,721.875,22799
2025-06-26 15:26:00,721.895,722.5,721.86,722.5,23148
2025-06-26 15:27:00,722.43,722.6,722.0,722.25,23307
2025-06-26 15:28:00,722.0,722.32,721.829,721.97,13448
2025-06-26 15:29:00,721.82,722.17,721.6101,721.77,17286
2025-06-26 15:30:00,721.76,721.857555,721.1147,721.35,27374
2025-06-26 15:31:00,721.26,721.48,720.78,720.78,30117
2025-06-26 15:32:00,720.795,720.9899,720.5,720.7273,14792
2025-06-26 15:33:00,720.92,721.399,720.7,721.22,11754
2025-06-26 15:34:00,721.225,721.5,721.1209,721.165,16485
2025-06-26 15:35:00,721.29,721.39,720.93,721.095,14346
2025-06-26 15:36:00,721.11,721.11,720.4,720.69,14479
2025-06-26 15:37:00,721.0,721.23,720.745,721.115,12851
2025-06-26 15:38:00,721.25,721.39,720.8,720.91,16762
2025-06-26 15:39:00,720.805,721.28,720.805,721.22,13151
2025-06-26 15:40:00,721.33,721.529,721.0,721.135,16465
2025-06-26 15:41:00,720.89,721.378,720.89,721.19,9839
2025-06-26 15:42:00,721.1,721.34,721.1,721.1825,12777
2025-06-26 15:43:00,721.07,721.36,721.0,721.0,13397
2025-06-26 15:44:00,720.99,721.14,720.67,721.14,20607
2025-06-26 15:45:00,721.15,721.93,721.15,721.93,20497
2025-06-26 15:46:00,721.96,722.17,721.6,722.12,34080
2025-06-26 15:47:00,721.93,722.04,721.79,721.89,14722
2025-06-26 15:48:00,721.8428,722.02,721.72,721.81,19762
2025-06-26 15:49:00,721.87,722.02,721.6211,721.815,22666
2025-06-26 15:50:00,721.74,721.88,721.5236,721.75,9837
2025-06-26 15:51:00,721.7134,721.79,721.55,721.7,8257
2025-06-26 15:52:00,721.7571,721.98,721.57,721.7025,15310
2025-06-26 15:53:00,721.65,722.28,721.65,722.135,19106
2025-06-26 15:54:00,722.145,722.75,722.06,722.6055,16258
2025-06-26 15:55:00,722.565,722.79,722.43,722.7,11246
2025-06-26 15:56:00,722.595,722.7077,722.2,722.5,17341
2025-06-26 15:57:00,722.53,722.92,722.45,722.84,20111
2025-06-26 15:58:00,722.84,722.855,722.5287,722.815,16604
2025-06-26 15:59:00,722.725,722.8099,722.5,722.65,11228
2025-06-26 16:00:00,722.77,723.1999,722.7,722.86,26145
2025-06-26 16:01:00,722.875,723.6026,722.78,723.6026,40116
2025-06-26 16:02:00,723.595,724.46,723.59,724.35,60188
2025-06-26 16:03:00,724.45,724.67,724.21,724.42,40984
2025-06-26 16:04:00,724.42,724.56,724.05,724.19,20343
2025-06-26 16:05:00,724.19,724.19,723.7327,724.0,28280
2025-06-26 16:06:00,723.9,723.9,723.5,723.775,15081
2025-06-26 16:07:00,723.8068,723.8899,723.5081,723.62,9304
2025-06-26 16:08:00,723.59,723.755,723.42,723.51,10806
2025-06-26 16:09:00,723.605,723.6885,723.016,723.165,28167
2025-06-26 16:10:00,723.27,723.55,723.0122,723.46,15555
2025-06-26 16:11:00,723.46,723.73,723.26,723.69,18933
2025-06-26 16:12:00,723.69,723.84,723.43,723.44,24359
2025-06-26 16:13:00,723.47,723.56,723.21,723.46,12119
2025-06-26 16:14:00,723.44,723.75,723.03,723.04,25589
2025-06-26 16:15:00,723.285,723.43,723.085,723.29,13962
2025-06-26 16:16:00,723.245,723.43,723.1811,723.415,7688
2025-06-26 16:17:00,723.385,723.9361,723.1401,723.775,15954
2025-06-26 16:18:00,723.8,723.85,723.285,723.51,18343
2025-06-26 16:19:00,723.42,723.79,723.42,723.46,5095
2025-06-26 16:20:00,723.485,724.09,723.45,723.9239,18336
2025-06-26 16:21:00,724.0999,724.41,723.9057,724.36,13897
2025-06-26 16:22:00,724.32,724.4859,724.08,724.0922,12111
2025-06-26 16:23:00,724.08,724.1399,723.7539,723.96,22416
2025-06-26 16:24:00,723.87,723.87,723.61,723.67,14255
2025-06-26 16:25:00,723.735,724.08,723.57,723.92,17449
2025-06-26 16:26:00,723.98,724.3999,723.9,724.22,27619
2025-06-26 16:27:00,724.16,724.22,723.821,723.8334,17589
2025-06-26 16:28:00,723.84,723.84,723.3573,723.46,17849
2025-06-26 16:29:00,723.43,723.47,722.88,723.24,18877
2025-06-26 16:30:00,723.23,723.2799,722.93,722.93,16029
2025-06-26 16:31:00,722.93,723.37,722.93,723.34,15627
2025-06-26 16:32:00,723.32,723.32,723.115,723.115,6990
2025-06-26 16:33:00,723.12,723.2,722.97,723.06,12723
2025-06-26 16:34:00,723.02,723.31,723.02,723.31,12402
2025-06-26 16:35:00,723.31,723.36,723.11,723.11,11705
2025-06-26 16:36:00,723.135,723.25,722.17,722.294,26141
2025-06-26 16:37:00,722.4,722.46,722.17,722.46,19707
2025-06-26 16:38:00,722.46,722.46,722.11,722.205,16431
2025-06-26 16:39:00,722.265,722.395,722.1119,722.305,11007
2025-06-26 16:40:00,722.305,722.65,722.305,722.465,20163
2025-06-26 16:41:00,722.53,722.615,722.37,722.615,12761
2025-06-26 16:42:00,722.62,722.8399,722.4317,722.62,15124
2025-06-26 16:43:00,722.66,722.8,722.19,722.295,20490
2025-06-26 16:44:00,722.29,722.41,721.96,722.185,34780
2025-06-26 16:45:00,722.01,722.685,722.01,722.685,13112
2025-06-26 16:46:00,722.68,723.1544,722.4849,723.1544,7781
2025-06-26 16:47:00,722.89,723.01,722.6301,722.76,7586
2025-06-26 16:48:00,722.93,723.1062,722.63,722.915,10308
2025-06-26 16:49:00,722.915,723.05,722.75,723.05,9640
2025-06-26 16:50:00,722.905,723.66,722.89,723.555,11122
2025-06-26 16:51:00,723.555,723.6,723.3135,723.5,13495
2025-06-26 16:52:00,723.48,723.6299,723.39,723.51,11611
2025-06-26 16:53:00,723.53,723.66,723.4827,723.6,9490
2025-06-26 16:54:00,723.495,723.5,723.3,723.3943,6316
2025-06-26 16:55:00,723.51,723.58,723.11,723.11,15865
2025-06-26 16:56:00,723.26,723.34,723.1101,723.1101,7166
2025-06-26 16:57:00,723.41,723.7,723.35,723.47,12493
2025-06-26 16:58:00,723.455,723.57,723.3,723.415,9122
2025-06-26 16:59:00,723.51,723.83,723.475,723.8157,16155
2025-06-26 17:00:00,723.685,723.72,723.0053,723.36,15468
2025-06-26 17:01:00,723.4,724.13,723.4,724.01,19436
2025-06-26 17:02:00,724.09,724.11,723.88,724.0,13144
2025-06-26 17:03:00,723.965,724.1997,723.88,723.94,22289
2025-06-26 17:04:00,723.8,723.92,723.33,723.7001,14049
2025-06-26 17:05:00,723.795,724.2,723.7,724.105,11761
2025-06-26 17:06:00,724.15,724.25,724.02,724.1622,11173
2025-06-26 17:07:00,724.14,724.31,723.98,724.17,18339
2025-06-26 17:08:00,724.0,724.5,724.0,724.02,15809
2025-06-26 17:09:00,724.22,724.34,724.09,724.34,8945
2025-06-26 17:10:00,724.225,724.96,724.1601,724.96,31330
2025-06-26 17:11:00,724.95,725.5499,724.95,725.37,63895
2025-06-26 17:12:00,725.37,725.88,725.26,725.5,30715
2025-06-26 17:13:00,725.57,725.8202,725.39,725.7296,34217
2025-06-26 17:14:00,725.735,726.11,725.5025,725.92,36363
2025-06-26 17:15:00,725.98,726.05,725.45,725.58,34903
2025-06-26 17:16:00,725.55,725.825,725.0228,725.11,26139
2025-06-26 17:17:00,725.14,725.2384,724.87,725.08,17357
2025-06-26 17:18:00,725.13,725.474,725.05,725.185,44842
2025-06-26 17:19:00,725.185,725.185,724.74,724.96,21186
2025-06-26 17:20:00,724.96,725.04,724.74,724.804798,21674
2025-06-26 17:21:00,725.25,725.3,724.9601,725.1,8525
2025-06-26 17:22:00,725.09,725.4,725.0001,725.1723,19165
2025-06-26 17:23:00,725.318262,725.3913,724.88,724.88,24817
2025-06-26 17:24:00,724.88,724.88,723.89,724.54,82899
2025-06-26 17:25:00,724.54,724.67,724.2429,724.65,9626
2025-06-26 17:26:00,724.74,725.02,724.65,724.915,10611
2025-06-26 17:27:00,724.87,725.12,724.83,724.8886,9787
2025-06-26 17:28:00,724.94,725.1372,724.9116,725.1372,21563
2025-06-26 17:29:00,725.07,725.385,724.94,725.28,23287
2025-06-26 17:30:00,725.28,725.61,725.28,725.3167,20136
2025-06-26 17:31:00,725.35,725.7,725.2,725.64,17762
2025-06-26 17:32:00,725.645,725.75,725.1787,725.29,20883
2025-06-26 17:33:00,725.37,725.53,725.08,725.1,20855
2025-06-26 17:34:00,725.1,725.3078,724.8046,724.895,20028
2025-06-26 17:35:00,724.895,724.98,724.72,724.73,17527
2025-06-26 17:36:00,724.78,725.01,724.715,724.935,9304
2025-06-26 17:37:00,724.96,725.3899,724.9431,725.3899,14891
2025-06-26 17:38:00,725.25,725.6,725.01,725.17,15850
2025-06-26 17:39:00,725.16,725.49,725.16,725.464,10706
2025-06-26 17:40:00,725.49,725.51,725.23,725.44,7886
2025-06-26 17:41:00,725.4849,725.864,725.42,725.7558,16710
2025-06-26 17:42:00,725.66,725.66,725.32,725.345,8932
2025-06-26 17:43:00,725.37,725.5,725.325,725.405,5343
2025-06-26 17:44:00,725.405,725.65,725.405,725.6399,20867
2025-06-26 17:45:00,725.55,725.83,725.49,725.54,18285
2025-06-26 17:46:00,725.5,725.68,725.41,725.615,8474
2025-06-26 17:47:00,725.66,725.75,725.5865,725.74,7901
2025-06-26 17:48:00,725.71,725.79,725.49,725.5,16442
2025-06-26 17:49:00,725.51,725.51,725.13,725.17,21620
2025-06-26 17:50:00,725.24,725.95,725.24,725.84,26035
2025-06-26 17:51:00,725.84,726.1,725.84,725.87,13772
2025-06-26 17:52:00,725.91,726.3433,725.57,725.81,40093
2025-06-26 17:53:00,725.81,726.26,725.74,725.91,21036
2025-06-26 17:54:00,726.0,726.0,725.6971,725.84,8973
2025-06-26 17:55:00,725.8,726.245,725.8,726.24,9290
2025-06-26 17:56:00,726.2,726.214,725.9087,726.0999,8528
2025-06-26 17:57:00,726.02,726.22,725.91,726.13,13907
2025-06-26 17:58:00,726.2,726.22,725.7087,725.7087,18149
2025-06-26 17:59:00,725.79,725.83,725.6122,725.69,9486
2025-06-26 18:00:00,725.72,725.94,725.57,725.85,9017
2025-06-26 18:01:00,725.7201,726.69,725.7201,726.48,48603
2025-06-26 18:02:00,726.55,726.68,726.21,726.66,16035
2025-06-26 18:03:00,726.6748,727.33,726.5037,727.33,31128
2025-06-26 18:04:00,727.14,727.2699,726.8001,726.8001,14719
2025-06-26 18:05:00,726.875,727.95,726.81,727.3,48608
2025-06-26 18:06:00,727.35,727.5499,726.93,727.46,38733
2025-06-26 18:07:00,727.46,727.5895,727.33,727.491,25984
2025-06-26 18:08:00,727.41,727.52,727.16,727.5,44438
2025-06-26 18:09:00,727.53,727.6492,727.25,727.3621,22537
2025-06-26 18:10:00,727.34,727.66,727.3072,727.4,19817
2025-06-26 18:11:00,727.4,727.63,727.18,727.44,46579
2025-06-26 18:12:00,727.359,728.22,727.2993,728.115,47316
2025-06-26 18:13:00,728.17,728.17,727.25,727.36,39609
2025-06-26 18:14:00,727.325,727.89,727.325,727.728,22620
2025-06-26 18:15:00,727.74,727.9572,727.565,727.735,18927
2025-06-26 18:16:00,727.79,727.92,727.4671,727.4671,20463
2025-06-26 18:17:00,727.545,727.633,727.29,727.49,19278
2025-06-26 18:18:00,727.535,727.73,726.7963,726.7963,32281
2025-06-26 18:19:00,726.855,727.1233,726.855,726.9,19254
2025-06-26 18:20:00,727.01,727.5,726.9,727.325,21556
2025-06-26 18:21:00,727.2575,727.5161,726.98,726.98,14086
2025-06-26 18:22:00,727.045,727.1407,726.85,727.1407,22419
2025-06-26 18:23:00,727.1092,727.21,726.78,727.035,27228
2025-06-26 18:24:00,727.035,727.07,726.7801,727.07,16916
2025-06-26 18:25:00,726.97,727.072,726.75,726.805,10872
2025-06-26 18:26:00,726.8799,727.0,726.715,726.895,8402
2025-06-26 18:27:00,726.88,727.18,726.88,727.0386,9658
2025-06-26 18:28:00,727.05,727.3999,726.9,727.2042,24660
2025-06-26 18:29:00,727.25,727.4,727.0574,727.25,15049
2025-06-26 18:30:00,727.24,727.4,727.09,727.15,17694
2025-06-26 18:31:00,727.18,727.43,727.17,727.343,12177
2025-06-26 18:32:00,727.27,727.6,727.23,727.515,10220
2025-06-26 18:33:00,727.6,727.9399,727.55,727.76,21019
2025-06-26 18:34:00,727.71,727.7244,727.5226,727.6,18694
2025-06-26 18:35:00,727.595,727.8,727.53,727.615,15650
2025-06-26 18:36:00,727.56,727.69,727.4,727.53,15795
2025-06-26 18:37:00,727.59,727.685,727.28,727.3388,20323
2025-06-26 18:38:00,727.28,727.69,727.22,727.55,18590
2025-06-26 18:39:00,727.5,727.5,727.21,727.21,18259
2025-06-26 18:40:00,727.195,727.31,726.97,726.97,19452
2025-06-26 18:41:00,726.974,727.16,726.94,726.98,17662
2025-06-26 18:42:00,727.01,727.405,726.98,727.14,25843
2025-06-26 18:43:00,727.2087,727.5,727.05,727.1228,15253
2025-06-26 18:44:00,727.04,727.185,726.8,727.185,25256
2025-06-26 18:45:00,727.1697,727.24,727.0,727.24,20440
2025-06-26 18:46:00,727.29,727.33,726.9759,727.17,11461
2025-06-26 18:47:00,727.22,727.24,727.01,727.08,13009
2025-06-26 18:48:00,727.0,727.04,726.8111,726.91,22582
2025-06-26 18:49:00,726.95,727.13,726.43,727.0023,27320
2025-06-26 18:50:00,727.035,727.35,726.695,726.93,14018
2025-06-26 18:51:00,726.89,727.17,726.89,727.15,9091
2025-06-26 18:52:00,727.035,727.1578,726.96,727.0,9994
2025-06-26 18:53:00,727.03,727.03,726.75,726.86,17660
2025-06-26 18:54:00,726.845,726.845,726.16,726.18,27100
2025-06-26 18:55:00,726.16,726.26,725.6201,725.75,24392
2025-06-26 18:56:00,725.685,725.94,725.52,725.72,36241
2025-06-26 18:57:00,725.78,725.9,725.6901,725.9,15513
2025-06-26 18:58:00,725.7835,726.13,725.7835,726.1,16704
2025-06-26 18:59:00,726.08,726.23,725.91,726.005,27148
2025-06-26 19:00:00,726.005,726.21,725.8,726.17,19155
2025-06-26 19:01:00,726.23,726.32,726.125,726.31,13210
2025-06-26 19:02:00,726.25,726.26,726.0035,726.18,15817
2025-06-26 19:03:00,726.135,726.15,725.67,725.99,15672
2025-06-26 19:04:00,726.0,726.02,725.75,725.77,13039
2025-06-26 19:05:00,725.77,725.81,725.4001,725.5632,28344
2025-06-26 19:06:00,725.56,725.8,725.4536,725.675,31308
2025-06-26 19:07:00,725.69,725.86,725.59,725.61,22176
2025-06-26 19:08:00,725.6,725.87,725.5337,725.83,12864
2025-06-26 19:09:00,725.88,726.03,725.765,725.85,10441
2025-06-26 19:10:00,725.86,726.36,725.8085,726.275,13619
2025-06-26 19:11:00,726.31,726.65,726.1865,726.53,15517
2025-06-26 19:12:00,726.555,726.59,725.7,725.8,46571
2025-06-26 19:13:00,725.8,726.125,725.8,725.95,47146
2025-06-26 19:14:00,725.86,726.07,725.578,725.59,17511
2025-06-26 19:15:00,725.625,725.9299,725.49,725.89,14894
2025-06-26 19:16:00,726.0,726.16,725.93,726.113,20278
2025-06-26 19:17:00,726.1374,726.14,725.88,726.085,20010
2025-06-26 19:18:00,726.085,726.4,726.0,726.265,22190
2025-06-26 19:19:00,726.31,726.55,726.25,726.2942,15936
2025-06-26 19:20:00,726.245,726.34,726.06,726.18,22060
2025-06-26 19:21:00,726.17,726.28,726.0,726.1,13513
2025-06-26 19:22:00,726.03,726.4783,725.8701,726.2879,28285
2025-06-26 19:23:00,726.32,726.6299,726.14,726.2799,23397
2025-06-26 19:24:00,726.1045,726.31,726.1045,726.265,6675
2025-06-26 19:25:00,726.22,726.466316,726.22,726.35,21016
2025-06-26 19:26:00,726.405,726.49,726.27,726.44,15237
2025-06-26 19:27:00,726.39,726.8,726.38,726.49,21109
2025-06-26 19:28:00,726.4377,726.79,726.43,726.7376,19812
2025-06-26 19:29:00,726.71,726.94,726.6401,726.6401,54500
2025-06-26 19:30:00,726.9,726.9,726.61,726.64,19870
2025-06-26 19:31:00,726.73,726.78,726.45,726.61,19847
2025-06-26 19:32:00,726.57,726.61,726.11,726.22,20956
2025-06-26 19:33:00,726.11,726.21,725.7187,725.7187,20057
2025-06-26 19:34:00,725.77,726.0,725.6901,725.915,20796
2025-06-26 19:35:00,725.935,726.25,725.86,726.155,24419
2025-06-26 19:36:00,726.15,726.5073,726.1101,726.33,19402
2025-06-26 19:37:00,726.28,726.3599,725.87,725.9625,16127
2025-06-26 19:38:00,725.97,725.98,725.7,725.79,18725
2025-06-26 19:39:00,725.73,725.935,725.7122,725.785,21372
2025-06-26 19:40:00,725.71,725.83,725.65,725.66,20830
2025-06-26 19:41:00,725.67,725.67,724.917,725.09,44392
2025-06-26 19:42:00,725.095,725.4099,725.021,725.05,18598
2025-06-26 19:43:00,725.16,725.29,725.033,725.21,18404
2025-06-26 19:44:00,725.31,725.5099,725.1622,725.3552,30081
2025-06-26 19:45:00,725.345,725.56,725.305,725.44,16571
2025-06-26 19:46:00,725.58,725.59,725.18,725.465,29990
2025-06-26 19:47:00,725.38,725.94,725.38,725.83,27558
2025-06-26 19:48:00,725.91,726.1272,725.79,725.98,28929
2025-06-26 19:49:00,725.91,726.2,725.795,726.125,22805
2025-06-26 19:50:00,726.04,726.43,726.005,726.29,40628
2025-06-26 19:51:00,726.325,726.81,726.0001,726.695,55000
2025-06-26 19:52:00,726.66,726.87,726.49,726.5969,53792
2025-06-26 19:53:00,726.74,726.88,726.37,726.485,39255
2025-06-26 19:54:00,726.54,726.68,725.51,726.07,69823
2025-06-26 19:55:00,725.08,725.93,724.38,725.645,135435
2025-06-26 19:56:00,725.58,726.02,725.48,725.8752,102100
2025-06-26 19:57:00,725.88,726.57,725.7001,726.405,191027
2025-06-26 19:58:00,726.36,726.9,726.35,726.62,178375
2025-06-26 19:59:00,726.62,726.77,725.64,726.48,376161
2025-06-26 20:00:00,726.09,726.09,724.3,725.35,155433
2025-06-26 20:01:00,725.44,725.44,725.44,725.44,1154
2025-06-26 20:02:00,725.02,725.02,724.86,724.86,8188
2025-06-26 20:03:00,724.9,726.09,724.69,724.75,1345
2025-06-26 20:04:00,724.74,724.74,724.3546,724.3546,1753
2025-06-26 20:05:00,724.6,724.6,724.38,724.4,2695
2025-06-26 20:06:00,724.3021,724.4999,724.0,724.0,2564
2025-06-26 20:07:00,724.23,724.23,723.78,724.0,2258
2025-06-26 20:08:00,723.98,724.43,723.8,723.8,5518
2025-06-26 20:09:00,723.97,724.25,723.97,724.25,1500
2025-06-26 20:10:00,724.24,724.24,724.24,724.24,199
2025-06-26 20:11:00,723.91,723.91,723.91,723.91,1222
2025-06-26 20:12:00,723.87,723.87,723.85,723.87,2595
2025-06-26 20:13:00,726.09,726.09,723.99,723.99,1216
2025-06-26 20:14:00,724.0998,724.0998,724.0998,724.0998,766
2025-06-26 20:15:00,723.8,723.8,723.8,723.8,642
2025-06-26 20:17:00,723.9,726.09,723.9,726.09,754
2025-06-26 20:18:00,724.0,724.0,724.0,724.0,1123
2025-06-26 20:19:00,724.0,725.04,723.63,724.89,12678
2025-06-26 20:20:00,724.89,724.91,724.89,724.91,1598
2025-06-26 20:21:00,724.76,725.0,724.76,724.89,1707
2025-06-26 20:22:00,724.99,724.99,724.99,724.99,1082
2025-06-26 20:23:00,725.1,725.3699,725.1,725.3699,711
2025-06-26 20:25:00,725.3632,725.3632,725.3632,725.3632,277
2025-06-26 20:28:00,725.1,725.4,724.89,724.89,3400
2025-06-26 20:29:00,725.99,725.99,725.9799,725.9799,432
2025-06-26 20:31:00,725.5,725.75,725.5,725.75,2285
2025-06-26 20:33:00,725.45,725.45,725.45,725.45,262
2025-06-26 20:35:00,725.73,726.09,725.73,726.0,7789
2025-06-26 20:36:00,726.16,726.16,726.16,726.16,395
2025-06-26 20:37:00,726.08,726.08,726.08,726.08,553
2025-06-26 20:39:00,726.09,726.09,725.8,725.8,757
2025-06-26 20:40:00,726.05,726.05,725.8,725.8,1239
2025-06-26 20:43:00,726.09,726.09,726.09,726.09,233
2025-06-26 20:46:00,726.0,726.0,726.0,726.0,113
2025-06-26 20:47:00,726.25,726.25,726.25,726.25,309
2025-06-26 20:50:00,726.25,726.25,726.25,726.25,614
2025-06-26 20:54:00,726.23,726.23,726.02,726.02,757
2025-06-26 20:55:00,726.24,726.24,726.24,726.24,914
2025-06-26 20:58:00,726.3,726.3,726.3,726.3,168
2025-06-26 20:59:00,726.46,726.46,726.35,726.35,984
2025-06-26 21:00:00,726.23,726.23,726.23,726.23,188
2025-06-26 21:04:00,726.32,726.32,726.32,726.32,242
2025-06-26 21:10:00,726.24,726.24,726.24,726.24,266
2025-06-26 21:11:00,726.43,726.5,726.43,726.5,1634
2025-06-26 21:14:00,726.46,726.46,726.46,726.46,389
2025-06-26 21:18:00,726.23,726.23,726.23,726.23,373
2025-06-26 21:19:00,726.23,726.23,726.23,726.23,221
2025-06-26 21:20:00,726.7,726.7,726.7,726.7,555
2025-06-26 21:32:00,726.0838,726.0838,726.0838,726.0838,437
2025-06-26 21:34:00,726.0,726.0,726.0,726.0,256
2025-06-26 21:45:00,726.09,726.09,726.09,726.09,823
2025-06-26 21:46:00,726.4,726.4,726.4,726.4,195
2025-06-26 21:54:00,726.15,726.15,726.15,726.15,158
2025-06-26 21:55:00,726.6788,726.6788,726.6788,726.6788,149
2025-06-26 21:56:00,726.75,726.75,726.75,726.75,118
2025-06-26 22:07:00,726.1712,726.1712,726.1712,726.1712,125
2025-06-26 22:14:00,727.0,727.0,726.9999,726.9999,671
2025-06-26 22:15:00,726.8,726.8,726.8,726.8,345
2025-06-26 22:18:00,726.8,726.8,726.8,726.8,154
2025-06-26 22:20:00,726.75,726.75,726.75,726.75,155
2025-06-26 22:26:00,726.88,726.88,726.88,726.88,524
2025-06-26 22:27:00,727.09,727.09,726.7605,726.7605,478
2025-06-26 22:31:00,726.99,726.99,726.99,726.99,410
2025-06-26 22:32:00,727.11,727.11,727.11,727.11,1603
2025-06-26 22:33:00,727.12,727.12,727.12,727.12,519
2025-06-26 22:37:00,727.5,727.5,727.5,727.5,190
2025-06-26 22:38:00,727.31,727.31,727.31,727.31,217
2025-06-26 22:45:00,727.15,727.15,727.15,727.15,385
2025-06-26 22:46:00,726.82,726.82,726.75,726.75,1164
2025-06-26 22:47:00,726.8,726.8,726.8,726.8,538
2025-06-26 22:51:00,727.25,727.25,727.25,727.25,253
2025-06-26 22:52:00,727.25,727.25,727.25,727.25,319
2025-06-26 23:03:00,727.2375,727.2375,727.13,727.13,305
2025-06-26 23:10:00,726.8,726.8,726.8,726.8,397
2025-06-26 23:13:00,726.8,726.8,726.75,726.75,311
2025-06-26 23:15:00,727.2,727.2,727.2,727.2,516
2025-06-26 23:19:00,727.09,727.09,727.09,727.09,406
2025-06-26 23:33:00,726.75,726.75,726.75,726.75,362
2025-06-26 23:51:00,726.7665,726.7665,726.7665,726.7665,433
2025-06-26 23:58:00,726.76,726.7601,726.76,726.7601,347
